admission_id,patient_id,admit_date,admit_time,discharge_date,discharge_time,ward,primary_diagnosis,attending_doctor_id
1,2680,2025-06-01,20:19,2022-03-31,05:23,CCU,MI,582
2,3957,2024-06-08,16:14,2024-01-24,06:06,CCU,Dehydration,368
3,3924,2025-01-14,22:17,,,West,,167
4,2008,2025-10-07,14:11,2024-12-11,19:23,North,COPD exacerbation,245
5,1872,2024-10-06,14:22,2025-01-20,14:15,East,Dehydration,601
6,1688,2025-11-17,17:22,2022-12-17,19:07,Surgery,Stroke,476
7,1052,2025-07-05,01:08,,,ER,Cellulitis,326
8,4914,2023-12-16,16:11,,,ICU,Cellulitis,319
9,2171,2026-01-10,21:02,2022-07-18,03:18,North,,498
10,3224,2024-02-23,01:01,,,ICU,Pneumonia,477
11,3314,2023-04-14,15:02,,,ER,Appendicitis,594
12,41,2024-07-30,22:20,2024-08-16,03:24,Maternity,Pneumonia,154
13,3156,2023-04-02,06:01,2023-09-26,03:11,Pediatrics,Appendicitis,496
14,4488,2026-04-06,02:22,2023-10-26,07:08,ER,COPD exacerbation,380
15,2763,2026-11-01,06:18,2025-06-18,07:15,Pediatrics,Stroke,300
16,2213,2023-01-12,15:23,2022-10-13,01:21,Surgery,Cellulitis,577
17,3693,2025-10-21,18:11,2026-04-12,23:25,South,COPD exacerbation,197
18,2806,2022-10-01,11:06,2025-11-28,10:24,Surgery,Cellulitis,10
19,1613,2023-10-26,02:01,2022-04-19,13:19,CCU,Appendicitis,587
20,3079,2023-08-16,02:11,,,CCU,Sepsis,324
21,3494,2024-05-11,00:08,2024-01-29,05:06,CCU,Fracture,69
22,2616,2024-12-03,04:13,2025-12-31,14:24,East,Appendicitis,484
23,411,2022-10-30,19:20,2023-09-18,03:05,Pediatrics,Appendicitis,303
24,3849,2022-01-19,09:19,2025-03-10,12:07,ICU,,308
25,4021,2022-12-14,11:15,2022-11-20,19:29,CCU,,620
26,3661,2026-06-10,12:19,2023-12-24,01:22,Pediatrics,Appendicitis,16
27,3751,2026-10-27,20:17,2024-11-05,19:11,Pediatrics,Cellulitis,68
28,434,2022-08-06,14:20,2023-07-31,15:27,ER,Pneumonia,203
29,4757,2026-01-20,09:22,2026-11-01,11:10,CCU,Cellulitis,154
30,4590,2025-08-11,03:29,2025-10-03,07:27,ER,,402
31,4071,2026-08-22,04:07,2023-12-28,05:08,East,Pneumonia,235
32,2122,2025-11-01,02:19,2023-09-26,18:08,East,Appendicitis,75
33,2418,2022-06-13,15:21,2025-09-23,17:19,CCU,Pneumonia,503
34,3558,2024-05-24,20:01,2025-04-26,04:28,CCU,Fracture,7
35,2171,2025-12-21,10:29,2022-12-09,21:07,Maternity,CHF,
36,2183,2026-03-17,08:26,2023-07-21,11:08,West,Stroke,195
37,1032,2024-05-15,22:11,2022-05-04,11:13,ICU,,490
38,3655,2026-12-04,07:14,2024-08-19,06:04,Surgery,Fracture,387
39,1607,2026-06-23,08:13,2022-09-10,12:18,CCU,Sepsis,564
40,1611,2025-06-15,20:23,2026-08-22,11:21,Pediatrics,Cellulitis,459
41,2647,2026-07-29,13:26,2023-08-29,07:29,CCU,COPD exacerbation,284
42,129,2026-07-26,00:08,,,ICU,Cellulitis,397
43,3839,2025-08-28,19:21,2022-01-20,04:01,ER,COPD exacerbation,326
44,3306,2026-04-09,07:26,2022-10-10,16:03,West,MI,328
45,1192,2022-07-24,10:13,2022-11-12,16:11,ER,Sepsis,
46,3127,2024-05-04,15:03,2023-02-20,01:02,East,Sepsis,491
47,717,2022-02-11,03:09,2023-06-11,20:21,ER,,235
48,173,2022-09-13,12:25,2024-06-27,19:10,ER,Appendicitis,145
49,355,2024-11-17,04:02,2026-07-16,12:00,East,Pneumonia,333
50,1526,2024-06-19,06:10,2024-11-15,09:01,West,Stroke,
51,3626,2025-05-03,08:28,2022-06-05,01:18,East,Cellulitis,355
52,168,2024-04-18,22:16,2023-11-17,11:06,ICU,,
53,3821,2025-12-16,15:07,2026-10-28,03:29,ICU,Stroke,208
54,950,2023-08-12,23:13,2022-05-15,06:15,North,COPD exacerbation,610
55,97,2023-03-26,14:12,2022-08-12,14:23,Pediatrics,MI,570
56,4223,2022-09-09,05:01,2024-02-10,03:07,Maternity,Fracture,48
57,4701,2026-01-04,04:29,,,Maternity,COPD exacerbation,195
58,2692,2026-07-18,13:07,2023-09-09,02:14,CCU,Stroke,77
59,1102,2024-12-06,13:25,2025-03-16,15:10,East,CHF,
60,3681,2023-09-24,22:25,2022-09-30,23:12,Pediatrics,Pneumonia,270
61,2841,2024-11-29,01:06,,,West,MI,112
62,1087,2026-06-02,00:08,2026-10-11,17:26,ER,Pneumonia,
63,1307,2025-03-18,05:21,,,Maternity,Cellulitis,83
64,1872,2025-10-10,09:19,,,Pediatrics,Sepsis,166
65,727,2024-02-06,20:00,2023-05-12,04:26,North,,134
66,2773,2024-03-21,21:11,2025-03-19,10:21,East,Cellulitis,131
67,2039,2026-03-08,08:11,2022-09-18,08:14,ICU,Sepsis,519
68,4298,2022-10-21,16:26,2022-03-18,10:04,CCU,Fracture,488
69,4670,2022-09-20,16:03,2023-12-28,07:11,ER,Sepsis,383
70,405,2023-06-22,05:02,2025-05-21,01:28,Maternity,Appendicitis,130
71,2884,2022-09-10,12:17,2022-01-18,18:24,East,COPD exacerbation,29
72,4891,2025-01-01,19:05,2023-04-15,03:23,East,Sepsis,56
73,2725,2024-03-11,02:17,2026-03-02,03:13,Surgery,,524
74,835,2026-12-31,02:18,2023-10-26,03:24,ICU,Pneumonia,
75,1575,2024-11-01,07:21,,,ER,Sepsis,443
76,2125,2026-02-10,19:20,2024-11-24,18:29,Pediatrics,Fracture,370
77,2781,2023-11-09,20:26,,,Surgery,Appendicitis,224
78,1055,2022-11-07,09:01,2022-08-20,11:16,ER,Dehydration,291
79,18,2026-09-09,11:04,,,Maternity,Dehydration,13
80,1966,2026-07-18,16:10,2025-02-12,21:27,East,MI,23
81,88888,2026-09-17,09:03,,,ICU,MI,586
82,1826,2024-08-30,10:07,2023-09-29,01:21,South,CHF,104
83,43,2023-05-26,13:25,2024-11-12,15:15,Maternity,Cellulitis,230
84,3715,2025-01-02,21:12,2024-12-26,19:06,East,COPD exacerbation,177
85,3442,2022-06-30,21:12,2024-04-28,13:28,CCU,Appendicitis,440
86,1141,2025-03-01,07:00,2022-08-20,15:23,South,Sepsis,170
87,1340,2024-11-16,13:11,2022-02-07,01:04,ER,COPD exacerbation,
88,4633,2024-05-21,12:10,2026-02-04,14:03,Surgery,Pneumonia,418
89,1756,2022-06-09,18:21,2023-02-16,08:16,Pediatrics,Stroke,474
90,917,2023-07-01,23:11,2026-06-24,14:22,CCU,Sepsis,
91,3649,2022-02-02,18:13,2026-02-07,19:18,Maternity,Cellulitis,252
92,1232,2026-12-29,13:29,,,Maternity,Sepsis,
93,4400,2026-09-15,23:07,,,East,,44
94,1869,2023-10-26,09:04,2024-11-16,00:11,West,CHF,458
95,125,2023-02-10,08:23,2026-01-25,02:24,CCU,Cellulitis,104
96,1667,2024-02-06,23:16,,,Maternity,Cellulitis,197
97,2020,2022-11-29,10:01,,,CCU,Pneumonia,54
98,2319,2024-09-10,15:17,,,Surgery,Pneumonia,310
99,4705,2024-11-30,21:20,2024-03-29,17:07,North,Dehydration,53
100,1603,2023-07-14,19:08,2024-04-14,11:06,Pediatrics,Fracture,611
101,1019,2024-03-14,01:14,2025-03-07,00:19,West,Sepsis,19
102,808,2025-03-14,00:19,,,CCU,Pneumonia,335
103,229,2022-09-19,01:14,,,Pediatrics,,189
104,844,2025-07-01,13:05,2022-10-16,22:02,East,Stroke,103
105,3513,2026-04-07,07:28,2024-05-17,11:28,Maternity,Stroke,37
106,1813,2025-01-16,16:26,2026-09-24,22:09,ICU,Dehydration,383
107,1350,2024-01-05,22:00,2025-08-03,02:21,West,Sepsis,119
108,2260,2022-01-28,04:09,2026-05-14,14:08,South,Sepsis,465
109,4370,2024-04-13,15:08,2026-10-02,19:27,ICU,,237
110,95,2024-08-01,18:14,,,North,CHF,
111,695,2023-10-09,21:04,,,ER,Dehydration,234
112,1562,2025-07-10,19:14,2025-08-12,20:15,West,Stroke,119
113,4342,2025-12-19,10:13,2022-03-21,18:21,East,Stroke,416
114,88,2026-02-16,09:05,2022-08-07,07:23,ICU,Cellulitis,17
115,2721,2023-03-15,12:23,2022-03-23,09:04,South,Fracture,9
116,1343,2024-11-03,21:10,,,Surgery,CHF,350
117,126,2024-04-26,22:17,2022-11-17,09:21,Maternity,CHF,249
118,2588,2026-09-10,04:00,2025-07-25,10:07,South,Dehydration,256
119,3237,2023-04-18,20:22,2026-02-13,18:14,South,,20
120,540,2023-08-23,09:26,2024-07-15,06:22,Surgery,,107
121,881,2022-10-25,10:12,2024-07-26,09:14,Maternity,Appendicitis,314
122,4485,2024-07-12,00:05,2024-06-11,11:21,Maternity,Stroke,532
123,1840,2025-06-16,01:16,2022-12-24,16:01,South,Fracture,587
124,94,2025-09-25,17:12,2023-09-10,17:14,East,Dehydration,72
125,386,2026-12-20,04:04,2022-11-09,22:01,North,Fracture,
126,4953,2023-06-30,10:18,,,North,CHF,306
127,4985,2022-02-18,03:01,,,CCU,MI,390
128,1257,2026-12-26,16:00,2026-02-13,07:22,Pediatrics,Sepsis,198
129,2687,2024-01-20,07:20,2025-08-10,23:07,East,Cellulitis,402
130,3259,2023-06-25,20:24,,,CCU,,426
131,3758,2025-03-20,16:11,2023-11-10,15:21,East,Dehydration,280
132,4093,2023-09-14,14:05,2024-02-26,03:27,North,CHF,124
133,3945,2024-08-01,01:23,2022-07-23,14:29,ICU,Dehydration,587
134,1311,2025-04-22,22:21,,,South,Pneumonia,
135,1087,2024-04-11,06:19,2022-09-01,22:18,Maternity,Pneumonia,246
136,242,2024-12-26,10:05,2022-06-18,02:08,North,Stroke,37
137,1551,2023-07-09,16:01,,,South,Sepsis,328
138,3266,2024-10-01,18:04,2024-12-26,04:17,North,COPD exacerbation,136
139,1629,2024-08-07,17:23,2022-12-03,20:21,Maternity,Fracture,127
140,2235,2025-04-10,23:23,2025-12-01,11:16,ICU,,6
141,3811,2026-01-02,17:21,2024-05-24,12:00,North,COPD exacerbation,590
142,1756,2025-07-17,11:16,2022-08-04,19:09,North,Appendicitis,442
143,2852,2025-03-21,11:02,2026-01-19,22:10,ER,Fracture,306
144,3942,2025-08-05,02:17,2023-01-25,15:15,West,Dehydration,258
145,3855,2025-06-07,20:15,2023-08-20,03:12,West,,531
146,4781,2025-10-18,00:00,2026-05-12,20:25,Surgery,Fracture,510
147,4995,2023-11-06,19:14,2025-01-27,21:10,Surgery,CHF,322
148,1149,2022-11-28,17:16,2026-11-26,17:05,Surgery,MI,440
149,2528,2024-06-05,09:00,,,West,Sepsis,
150,4844,2026-04-07,02:12,2023-05-19,16:26,South,Appendicitis,619
151,2352,2026-01-25,07:14,2026-05-05,09:20,Surgery,,506
152,1697,2026-04-30,08:02,2026-04-08,19:18,Surgery,Sepsis,
153,4996,2026-11-01,03:28,2026-02-10,08:08,ER,CHF,558
154,3925,2025-02-04,08:04,2022-10-03,19:26,CCU,Pneumonia,197
155,4463,2023-03-12,22:24,2023-06-21,00:15,East,MI,610
156,4397,2026-04-17,10:02,2025-08-08,17:01,CCU,Fracture,39
157,3954,2025-09-02,21:26,2022-10-15,05:06,North,Fracture,200
158,552,2025-11-18,03:06,,,South,MI,165
159,88888,2023-12-25,03:05,2024-08-28,17:28,ICU,,153
160,1009,2023-03-11,08:09,2023-10-15,03:16,CCU,Fracture,32
161,1490,2023-08-23,15:00,2024-01-05,19:05,ER,COPD exacerbation,
162,592,2024-08-14,08:16,2023-05-15,04:26,East,Fracture,99
163,4269,2022-11-30,06:29,,,Maternity,Pneumonia,114
164,2275,2024-10-24,19:09,2020-01-01,05:17,West,MI,477
165,3777,2022-09-07,12:15,,,Pediatrics,Sepsis,150
166,4899,2025-05-14,13:16,2022-08-13,16:11,East,Dehydration,172
167,1679,2023-06-15,01:04,2025-09-28,16:01,ER,Appendicitis,595
168,1194,2023-08-17,11:27,,,South,Fracture,509
169,916,2024-01-03,04:03,2024-06-22,14:26,CCU,Cellulitis,479
170,3857,2025-11-20,00:11,2022-06-21,02:16,Surgery,Fracture,82
171,3916,2025-01-21,08:09,,,South,Cellulitis,
172,1487,2024-06-17,02:17,2020-01-01,11:17,North,COPD exacerbation,587
173,1471,2024-06-09,22:17,,,CCU,MI,47
174,3302,2026-08-22,18:29,2023-05-18,09:25,ICU,Fracture,65
175,3811,2022-11-07,17:08,2026-12-08,16:18,ER,Appendicitis,349
176,1276,2024-06-09,03:05,,,Maternity,Pneumonia,153
177,2528,2022-11-29,15:01,2023-02-20,19:02,Maternity,Dehydration,378
178,3228,2026-02-16,06:02,2025-12-29,23:07,West,Fracture,447
179,4926,2024-12-14,16:24,2024-05-30,09:23,CCU,CHF,396
180,193,2024-02-06,06:15,2024-02-12,18:24,ER,Sepsis,53
181,322,2026-01-11,18:18,2024-10-21,09:09,South,MI,
182,2777,2022-07-06,23:18,2022-10-12,14:26,Surgery,Fracture,590
183,3986,2022-12-06,11:23,2026-02-23,05:05,CCU,Cellulitis,491
184,316,2024-09-13,11:16,2024-10-16,22:00,South,Pneumonia,542
185,4484,2023-01-28,21:15,2023-07-03,11:07,Surgery,COPD exacerbation,13
186,1582,2025-03-16,18:23,2026-12-04,11:26,Pediatrics,Dehydration,224
187,2031,2025-05-05,06:27,2026-01-27,14:00,North,Fracture,213
188,2900,2025-01-13,20:23,2026-11-02,13:19,East,,333
189,4356,2026-08-16,15:15,2022-04-13,09:23,North,,
190,331,2022-09-14,01:11,2026-01-09,14:00,Surgery,,
191,2076,2024-09-17,18:04,,,Maternity,Sepsis,
192,65,2023-04-02,00:23,2025-06-01,18:11,West,COPD exacerbation,296
193,1190,2022-08-04,12:11,2025-06-23,21:05,CCU,Sepsis,316
194,17,2022-01-14,12:10,2025-12-18,18:13,West,CHF,92
195,4720,2026-04-03,06:23,2026-07-28,02:08,Pediatrics,Cellulitis,279
196,1894,2024-11-19,03:13,2024-01-20,08:28,West,Appendicitis,309
197,392,2024-03-24,11:02,2025-03-07,19:14,ER,Fracture,458
198,3466,2024-03-05,09:16,2023-02-01,12:03,Surgery,COPD exacerbation,131
199,4230,2026-08-20,17:05,2025-03-05,03:08,Maternity,MI,589
200,425,2024-07-28,00:08,2023-05-02,15:22,East,Fracture,150
201,1931,2025-12-27,10:14,2025-05-08,15:25,Pediatrics,MI,233
202,1081,2022-11-17,04:19,2023-02-06,00:16,East,CHF,483
203,2919,2025-08-11,04:11,2023-05-26,10:12,West,Fracture,506
204,3418,2025-08-12,15:24,2025-04-23,05:13,Pediatrics,Appendicitis,327
205,4232,2025-08-27,18:10,2022-08-11,05:12,East,COPD exacerbation,356
206,4504,2025-12-23,01:21,2026-11-05,18:17,East,MI,197
207,2131,2023-11-13,12:21,2026-05-11,11:19,CCU,Sepsis,350
208,1115,2025-11-24,00:05,2026-11-16,10:12,North,Cellulitis,
209,401,2024-09-03,20:21,,,South,MI,135
210,3484,2024-06-17,11:16,2022-07-04,06:09,East,MI,328
211,334,2022-06-21,18:29,2025-04-09,20:28,West,MI,49
212,4857,2022-10-14,09:02,2026-03-17,07:06,Maternity,Dehydration,396
213,412,2022-04-03,23:29,2023-06-10,16:00,South,Sepsis,540
214,1343,2022-12-12,06:17,2026-01-11,22:03,North,,567
215,2742,2026-08-10,02:02,,,East,Stroke,253
216,1053,2022-09-29,15:11,,,Pediatrics,Dehydration,485
217,4961,2026-09-01,13:06,2026-02-15,19:20,South,MI,399
218,1012,2025-11-14,11:01,2023-11-08,19:23,East,Dehydration,118
219,2994,2026-12-30,11:26,,,CCU,Stroke,360
220,1625,2025-09-16,03:16,2022-09-01,19:15,CCU,Stroke,581
221,1988,2025-08-12,11:19,2026-04-25,00:28,East,Dehydration,285
222,345,2022-07-10,21:09,2025-08-28,06:23,East,Sepsis,142
223,1254,2022-10-26,23:08,2025-11-21,04:22,North,Appendicitis,408
224,3137,2023-04-09,19:02,2023-12-02,04:11,ICU,Pneumonia,272
225,4091,2023-10-30,12:09,2022-10-01,12:18,CCU,Appendicitis,212
226,1331,2026-12-15,17:08,2023-12-27,01:21,East,Stroke,150
227,3626,2022-04-21,07:15,2022-03-13,18:02,ICU,MI,30
228,4720,2023-11-07,00:12,2026-04-23,18:06,North,Appendicitis,430
229,1390,2022-09-26,14:23,,,ICU,Cellulitis,
230,3520,2026-07-20,09:02,2022-06-24,00:09,Pediatrics,Stroke,364
231,4548,2026-01-14,21:05,2025-11-20,03:26,CCU,Pneumonia,117
232,3208,2023-10-24,23:25,2025-10-22,00:03,CCU,Appendicitis,141
233,2404,2022-01-10,00:18,,,West,Appendicitis,110
234,913,2025-09-21,05:03,2023-08-19,01:26,Pediatrics,Dehydration,293
235,4559,2024-09-28,15:25,2026-07-31,12:13,Pediatrics,,527
236,2857,2026-06-01,04:15,2022-07-30,17:04,Maternity,Cellulitis,67
237,2434,2023-03-09,04:01,2024-01-20,06:05,Pediatrics,Cellulitis,335
238,3592,2023-12-14,15:13,2026-12-08,17:25,Pediatrics,Pneumonia,269
239,4730,2024-12-07,09:03,2025-12-04,12:16,West,Dehydration,299
240,655,2025-09-11,04:04,2023-03-21,22:18,ICU,Dehydration,371
241,3698,2025-06-13,19:08,2024-02-11,02:13,West,MI,115
242,2563,2025-10-19,13:02,2026-11-29,16:21,West,MI,459
243,2190,2026-02-24,01:01,2026-08-04,22:06,Maternity,Pneumonia,55
244,88888,2023-05-16,02:06,2024-11-08,03:19,Pediatrics,Pneumonia,201
245,2361,2025-12-15,16:21,2024-02-01,04:06,Maternity,Cellulitis,78
246,4994,2025-12-04,23:21,2025-01-05,04:23,East,Dehydration,29
247,4631,2025-01-04,12:13,2022-09-17,15:10,Surgery,Dehydration,193
248,2942,2022-07-13,13:00,2024-10-18,07:24,North,Cellulitis,112
249,2131,2024-08-14,19:03,2026-04-09,07:03,CCU,Sepsis,48
250,508,2026-07-01,19:04,2024-04-05,01:22,Surgery,Fracture,196
251,915,2026-10-24,19:17,2023-12-25,20:28,Pediatrics,Appendicitis,534
252,3710,2025-12-06,10:02,2022-11-28,05:24,North,Stroke,232
253,3183,2022-09-11,16:18,2024-10-06,13:16,CCU,CHF,436
254,2266,2026-04-25,12:02,2023-12-22,06:20,North,CHF,584
255,2888,2022-03-14,02:10,2026-03-16,14:20,CCU,Dehydration,520
256,4469,2022-05-09,10:18,2025-12-25,15:21,ER,Stroke,395
257,949,2026-10-24,19:11,2022-07-01,00:23,East,Cellulitis,602
258,1102,2024-12-15,17:18,2026-09-07,15:19,North,CHF,298
259,1604,2024-08-07,21:23,2022-08-19,14:11,Pediatrics,Appendicitis,521
260,1082,2022-12-19,07:14,2022-10-20,08:13,North,Sepsis,582
261,3994,2024-12-05,15:12,,,West,Sepsis,101
262,3812,2023-07-22,16:13,2022-09-12,02:13,Surgery,Cellulitis,545
263,26,2022-10-11,15:12,2022-05-07,03:20,North,Pneumonia,584
264,211,2024-04-07,12:10,2022-01-27,07:07,ER,Pneumonia,330
265,4106,2024-12-26,04:16,2024-01-03,09:17,South,Pneumonia,306
266,723,2024-12-19,09:04,2025-01-13,09:16,ICU,Cellulitis,176
267,871,2023-07-05,08:11,2020-01-01,14:27,West,Cellulitis,35
268,1638,2026-03-03,16:28,2026-01-05,16:17,East,MI,
269,4793,2025-05-19,20:12,2022-11-06,09:28,Maternity,COPD exacerbation,52
270,660,2025-04-10,08:10,2022-07-10,23:12,East,MI,522
271,3737,2023-11-23,04:10,2020-01-01,05:00,Pediatrics,MI,195
272,3112,2026-02-25,06:03,2024-06-25,00:16,ER,Sepsis,427
273,3492,2025-04-26,15:01,2026-11-18,15:09,Maternity,CHF,278
274,2734,2026-03-19,20:24,2024-12-04,07:01,Pediatrics,Pneumonia,
275,3208,2023-07-05,23:12,,,CCU,Appendicitis,18
276,4595,2024-09-17,15:05,2024-01-07,23:00,Maternity,Stroke,457
277,709,2026-08-13,11:01,2023-04-01,06:15,South,Sepsis,487
278,3822,2025-08-04,06:11,2025-08-01,20:08,East,MI,11
279,3038,2024-08-02,23:02,2025-03-06,03:10,ICU,Appendicitis,406
280,3529,2023-11-02,09:06,,,Pediatrics,CHF,33
281,2796,2025-03-19,02:08,2025-07-01,13:21,Pediatrics,Appendicitis,324
282,4820,2024-07-21,00:03,2025-04-25,01:10,Maternity,Pneumonia,529
283,4216,2024-01-26,15:27,2026-03-03,16:14,West,Sepsis,152
284,2186,2023-10-09,00:17,2025-04-11,09:20,CCU,Cellulitis,511
285,1388,2022-03-12,16:07,2025-02-18,01:11,North,,251
286,2097,2024-08-23,08:17,2022-09-20,18:12,West,CHF,340
287,2521,2026-12-15,20:28,2025-04-09,19:27,ER,COPD exacerbation,546
288,2911,2026-10-29,07:28,2022-05-02,12:28,Surgery,Pneumonia,125
289,2265,2022-10-29,01:00,2025-10-16,12:15,ER,,463
290,2837,2024-05-01,16:29,2024-10-05,14:29,East,Cellulitis,560
291,3133,2026-10-19,06:05,,,Surgery,Appendicitis,489
292,4404,2025-07-15,23:09,2025-08-11,12:19,West,COPD exacerbation,535
293,4023,2022-06-28,11:12,2022-08-22,17:06,CCU,MI,
294,1323,2023-03-17,02:02,2026-08-06,04:29,CCU,Appendicitis,219
295,248,2022-10-18,21:18,2025-04-10,12:07,East,Fracture,11
296,1215,2025-05-26,00:08,2025-05-23,18:27,East,Fracture,549
297,1810,2023-11-30,09:05,2025-06-18,17:06,Surgery,CHF,523
298,4495,2026-05-05,16:11,2023-12-11,12:11,Maternity,Dehydration,116
299,4674,2026-08-29,05:08,2025-12-01,07:18,ICU,Appendicitis,585
300,679,2022-06-27,05:24,2023-03-08,20:01,Pediatrics,Fracture,153
301,3254,2026-11-08,09:10,,,West,Sepsis,288
302,4935,2022-11-15,17:15,2024-07-13,01:15,East,MI,92
303,2574,2022-05-15,17:03,2026-08-05,13:01,West,Cellulitis,363
304,2646,2022-04-20,21:12,2026-10-25,13:27,South,Sepsis,604
305,1445,2022-01-01,04:27,,,Surgery,Sepsis,551
306,2991,2025-03-10,07:18,2025-08-24,19:05,East,Stroke,
307,2946,2024-05-04,22:00,2026-10-12,21:10,West,MI,
308,3251,2024-01-14,07:12,2026-01-28,19:14,Pediatrics,Stroke,
309,1806,2022-07-21,13:15,2022-01-15,15:17,East,Appendicitis,483
310,2398,2022-02-12,04:21,2026-05-15,23:03,Maternity,Stroke,313
311,4592,2024-09-01,10:17,2025-03-23,09:27,West,Dehydration,562
312,3340,2026-08-15,05:10,2025-02-23,11:26,ICU,Cellulitis,347
313,2575,2024-08-13,00:11,2022-02-10,16:15,North,CHF,292
314,1790,2023-05-15,04:15,,,West,Sepsis,276
315,4691,2025-03-07,14:01,2022-06-05,00:13,Maternity,Cellulitis,397
316,2720,2026-02-24,10:10,,,ER,MI,
317,558,2024-01-19,08:16,,,East,Appendicitis,232
318,2561,2024-05-11,05:26,2026-07-22,01:16,East,CHF,492
319,3037,2026-02-04,18:16,2022-05-24,02:23,ER,Dehydration,398
320,548,2024-12-05,00:01,2024-01-07,11:07,CCU,Cellulitis,88
321,771,2024-04-11,01:18,,,ICU,COPD exacerbation,356
322,3989,2024-03-09,10:01,2022-07-21,19:09,CCU,Appendicitis,590
323,1090,2024-06-22,16:27,2022-10-08,23:09,ER,Appendicitis,584
324,3048,2026-07-01,18:17,2023-04-13,14:21,ICU,Stroke,173
325,3700,2022-04-19,19:03,2023-09-26,06:21,West,Fracture,507
326,4312,2022-05-03,18:07,,,ICU,Cellulitis,600
327,2383,2022-05-03,20:24,2023-12-30,15:06,West,Sepsis,384
328,3862,2023-11-06,05:13,2022-08-13,05:06,CCU,Cellulitis,57
329,1854,2023-08-25,08:22,2024-07-26,17:15,West,Appendicitis,201
330,3511,2026-01-05,23:16,2023-12-25,17:24,CCU,CHF,402
331,4327,2025-07-04,02:22,2024-02-04,06:26,Surgery,Cellulitis,
332,1128,2025-08-20,17:21,2020-01-01,17:15,Pediatrics,Sepsis,573
333,3838,2024-05-11,07:28,2026-09-19,22:27,CCU,Appendicitis,543
334,4423,2024-04-15,09:01,2022-01-17,03:18,ER,Appendicitis,316
335,1352,2025-05-08,13:17,2022-03-03,02:16,North,CHF,
336,1182,2024-06-24,20:03,2025-03-19,15:22,West,Appendicitis,558
337,1911,2024-08-27,10:10,2026-06-25,10:04,West,Sepsis,580
338,3909,2025-05-03,14:06,,,ER,Sepsis,510
339,2515,2023-02-03,22:18,2026-09-21,01:24,Surgery,MI,525
340,3833,2022-07-10,18:05,2023-12-05,21:18,Maternity,Cellulitis,307
341,1759,2022-04-22,18:29,,,East,Appendicitis,
342,353,2026-04-01,21:02,2024-12-10,12:27,East,MI,607
343,4834,2024-01-03,23:06,,,CCU,Sepsis,583
344,1455,2026-07-14,18:11,,,West,Sepsis,433
345,2788,2023-05-07,15:23,,,West,MI,98
346,1797,2024-09-22,05:23,2023-11-10,09:27,CCU,MI,128
347,1855,2022-06-08,10:09,2025-12-14,00:08,East,Sepsis,207
348,3652,2026-03-09,03:19,2024-12-31,06:12,Pediatrics,Pneumonia,492
349,4582,2025-03-24,08:20,2024-08-01,20:23,ICU,Appendicitis,
350,1265,2024-06-02,12:24,2024-05-14,12:17,ER,Cellulitis,353
351,-4,2023-03-02,18:02,,18:32,Oncology,COPD exacerbation,516
352,-5,2025-11-18,06:38,2026-10-21,11:40,Cardiac,CHF,426
353,-6,2026-04-09,12:20,,,Cardiac,CHF,584
354,-7,2025-11-09,08:27,2025-02-20,14:14,Neuro,Stroke,262
355,-8,2024-04-01,01:34,2025-09-21,00:02,ICU,Stroke,271
356,1299,2030-06-01,02:19,2020-03-31,16:55,Cardiac,MI,562
357,3349,2025-01-01,14:23,2025-01-01,19:13,Pediatric,MI,452
358,3254,2026-01-01,14:19,2024-01-01,08:28,Ortho,Stroke,614
359,41,,02:48,,,Oncology,Pneumonia,194
360,3267,2020-01-01,02:02,2099-12-31,09:57,ICU,Stroke,214
